1,Abbey Road,3,E15 3NB,51.531952,0.003738
2,Abbey Wood,4,SE2 9RH,51.490784,0.120286
3,Acton,3,W3 0BP,51.516887,-0.267676
4,Acton Central,2,W3 6BD,51.508758,-0.263416
5,Acton Town,3,W3 8HN,51.503071,-0.280288
6,Addington Village,"3,4,5,6",CR0 5AR,51.356239,-0.032651
7,Addiscombe,"3,4,5,6",CR0 7AA,51.379808,-0.073199
8,Albany Park,5,DA5 3HP,51.435816,0.126459
9,Aldgate,1,EC3N 1AH,51.514342,-0.075613
10,Aldgate East,1,E1 7PT,51.515082,-0.072987
11,Alexandra Palace,3,N22 7ST,51.598263,-0.120135
12,All Saints,2,E14 0EH,51.510477,-0.01261
13,Alperton,4,HA0 4LL,51.541209,-0.299501
14,Amersham,9,HP6 5AZ,51.674129,-0.606499
15,Ampere Way,"3,4,5,6",CR0 3JX,51.382299,-0.123622
16,Anerley,4,SE20 8AG,51.412517,-0.065123
17,Angel,1,N1 8XB,51.532968,-0.105567
18,Angel Road,4,N18 3AY,51.61242,-0.048718
19,Archway,"2,3",N19 5RQ,51.565491,-0.135107
20,Arena,"3,4,5,6",SE25 4RY,51.391523,-0.058304
21,Arnos Grove,4,N11 1AN,51.61623,-0.134256
22,Arsenal,2,N5 1LP,51.558541,-0.105486
23,Avenue Road,"3,4,5,6",BR3 4NJ,51.406798,-0.049433
24,Baker Street,1,NW1 5LA,51.52313,-0.15689
25,Balham,3,SW12 9SG,51.443183,-0.152671
26,Bank,1,EC3V 3LA,51.513347,-0.088986
27,Banstead,6,SM7 1RB,51.329293,-0.213118
28,Barbican,1,EC1A 4JA,51.520215,-0.097707
29,Barking,4,IG11 8TU,51.539521,0.080846
30,Barkingside,4,IG6 1NB,51.585851,0.088491
31,Barnehurst,6,DA7 6HQ,51.46478,0.160962
32,Barnes,3,SW13 0LW,51.467128,-0.242019
33,Barnes Bridge,3,SW13 0NR,51.472228,-0.252348
34,Barons Court,2,W14 9DP,51.490229,-0.213416
35,Battersea Park,2,SW8 4NB,51.477318,-0.148109
36,Bayswater,1,W2 4QH,51.512111,-0.187887
37,Beckenham Hill,4,SE6 3NU,51.424626,-0.016481
38,Beckenham Junction,4,BR3 1HY,51.410942,-0.025687
39,Beckenham Road,"3,4,5,6",BR3 4RR,51.40953,-0.043378
40,Beckton,3,E6 5NT,51.514377,0.06154
41,Beckton Park,3,E6 5NE,51.508901,0.054836
42,Becontree,5,RM9 4TP,51.539585,0.126895
43,Beddington Lane,"3,4,5,6",CR0 4TF,51.38924,-0.142124
44,Belgrave Walk,"3,4,5,6",CR4 4NY,51.400962,-0.178482
45,Bellingham,3,SE6 3BT,51.433865,-0.020397
46,Belmont,5,SM2 6BH,51.34412,-0.199475
47,Belsize Park,2,NW3 2AL,51.550191,-0.16396
48,Belvedere,5,DA17 6JW,51.491959,0.152048
49,Bermondsey,2,SE16 4RX,51.497961,-0.064316
50,Berrylands,5,KT5 8LT,51.398768,-0.280307
51,Bethnal Green,2,E2 0ET,51.527192,-0.055378
52,Bethnal Green Rail,2,E2 6JL,51.524283,-0.059999
53,Bexley,6,DA5 1AQ,51.440815,0.148218
54,Bexleyheath,5,DA7 4AA,51.46355,0.133377
55,Bickley,5,BR1 2EB,51.40038,0.044318
56,Birkbeck,4,BR3 4TA,51.403863,-0.056272
57,Blackfriars,1,EC4V 4DD,51.511587,-0.102981
58,Blackheath,3,SE3 9LE,51.465408,0.008351
59,Blackhorse Lane,"3,4,5,6",CR0 6NL,51.384746,-0.07052
60,Blackhorse Road,3,E17 6JJ,51.585777,-0.039611
61,Blackwall,2,E14 9QB,51.507832,-0.007221
62,Bond Street,1,W1C 2HU,51.513798,-0.149599
63,Borough,1,SE1 1JX,51.501049,-0.094183
64,Boston Manor,4,TW8 9LQ,51.495766,-0.324733
65,Bounds Green,"3,4",N11 2EU,51.607032,-0.124163
66,Bow Church,2,E3 3AA,51.527615,-0.020485
67,Bow Road,2,E3 4DH,51.527042,-0.024345
68,Bowes Park,"3,4",N22 8NL,51.60725,-0.119778
69,Brent Cross,3,NW11 9UA,51.576599,-0.213321
70,Brentford,4,TW8 9LF,51.487536,-0.309608
71,Brentwood,7,CM14 4EW,51.61361,0.299687
72,Brimsdown,5,EN3 7NA,51.655245,-0.031078
73,Brixton,2,SW9 8HE,51.462737,-0.114538
74,Brockley,2,SE4 2RW,51.46475,-0.037734
75,Bromley North,4,BR1 3NN,51.408942,0.01725
76,Bromley South,5,BR1 1LX,51.400001,0.017374
77,Bromley-by-Bow,"2,3",E3 3BT,51.52484,-0.011668
78,Brondesbury,2,NW6 7QL,51.545262,-0.202824
79,Brondesbury Park,2,NW6 6RP,51.540325,-0.21046
80,Broxbourne,9,EN10 7AW,51.747016,-0.01101
81,Bruce Grove,3,N17 8AD,51.594011,-0.070385
82,Buckhurst Hill,5,IG9 5ET,51.626577,0.046727
83,Burnt Oak,4,HA8 0LA,51.602552,-0.264316
84,Bush Hill Park,5,EN1 1BA,51.641482,-0.069266
85,Bushey,8,WD19 4ST,51.645544,-0.384707
86,Caledonian Road,2,N7 9BA,51.547885,-0.118346
87,Caledonian Road and Barnsbury,2,N1 0SL,51.543285,-0.11519
88,Cambridge Heath,2,E2 7NA,51.53206,-0.057189
89,Camden Road,2,NW1 9LQ,51.541851,-0.139189
90,Camden Town,2,NW1 8NH,51.539969,-0.142438
91,Canada Water,2,SE16 7BB,51.498168,-0.050793
92,Canary Wharf,2,E14 4QS,51.503578,-0.019452
93,Canning Town,3,E16 1DQ,51.51387,0.00832
94,Cannon Street,1,EC4N 6AP,51.511362,-0.090236
95,Canonbury,2,N1 2PG,51.548188,-0.09256
96,Canons Park,5,HA8 6RN,51.607651,-0.294377
97,Carpenders Park,7,WD19 7DT,51.628187,-0.385815
98,Carshalton,5,SM5 2HT,51.368426,-0.166384
99,Carshalton Beeches,5,SM5 3LG,51.357387,-0.169482
100,Castle Bar Park,4,W7 1AY,51.522974,-0.33149
101,Caterham,6,CR3 6LB,51.282163,-0.078593
102,Catford,3,SE6 4XT,51.444265,-0.026524
103,Catford Bridge,3,SE6 4RE,51.444695,-0.024807
104,Centrale,"3,4,5,6",CR0 1XT,51.375767,-0.103874
105,Chadwell Heath,5,RM6 4BE,51.568047,0.128916
106,Chafford Hundred,7,RM16 6QQ,51.485554,0.28749
107,Chalfont and Latimer,8,HP7 9PR,51.667908,-0.561053
108,Chalk Farm,2,NW3 2BP,51.544149,-0.153719
109,Chancery Lane,1,WC1V 6DR,51.518494,-0.111948
110,Charing Cross,1,WC2N 5HS,51.508359,-0.124789
111,Charlton,3,SE7 7AB,51.486835,0.030956
112,Cheam,5,SM3 8RZ,51.35546,-0.214197
113,Chelsfield,6,BR6 6EU,51.356265,0.108998
114,Chesham,9,HP5 1DH,51.70538,-0.611415
115,Cheshunt,8,EN8 9AQ,51.702873,-0.023873
116,Chessington North,6,KT9 2RT,51.364243,-0.300462
117,Chessington South,6,KT9 2DD,51.356705,-0.307075
118,Chigwell,4,IG7 6NT,51.617858,0.076194
119,Chingford,5,E4 6AL,51.633253,0.009529
120,Chipstead,6,CR5 3TD,51.309275,-0.169432
121,Chislehurst,5,BR7 5NN,51.405598,0.057506
122,Chiswick,3,W4 2QE,51.480782,-0.266999
123,Chiswick Park,3,W4 5NE,51.494371,-0.267723
124,Chorleywood,7,WD3 5ND,51.654266,-0.518319
125,Church Street,"3,4,5,6",CR0 1RN,51.373707,-0.104332
126,City Thameslink,1,EC4M 7JH,51.513935,-0.103604
127,Clapham Common,2,SW4 7AJ,51.461804,-0.138301
128,Clapham High Street,2,SW4 6DQ,51.46547,-0.13245
129,Clapham Junction,2,SW11 2QP,51.464367,-0.170301
130,Clapham North,2,SW4 7TS,51.464916,-0.129896
131,Clapham South,"2,3",SW12 9DU,51.452677,-0.14797
132,Clapton,2,E5 9JP,51.561569,-0.057475
133,Clock House,4,BR3 4PR,51.408541,-0.040688
134,Cobham and Stoke D'Abernon,,KT11 3BW,51.318347,-0.389022
135,Cockfosters,5,EN4 0DZ,51.652024,-0.149902
136,Colindale,4,NW9 5HR,51.595231,-0.250273
137,Colliers Wood,3,SW19 2HR,51.418759,-0.177401
138,Coombe Lane,"3,4,5,6",CR0 5RF,51.359789,-0.059517
139,Coulsdon South,6,CR5 3EA,51.315801,-0.137889
140,Covent Garden,1,WC2E 9JT,51.51276,-0.124492
141,Crayford,6,DA1 3PY,51.448547,0.178517
142,Crews Hill,6,EN2 8AY,51.684475,-0.10683
143,Cricklewood,3,NW2 1HL,51.558423,-0.212534
144,Crofton Park,3,SE4 2RA,51.455179,-0.036532
145,Crossharbour and London Arena,2,E14 8AD,51.49584,-0.014918
146,Crouch Hill,3,N4 4AU,51.571327,-0.117119
147,Croxley,7,WD3 3DY,51.647005,-0.441589
148,Crystal Palace,"3,4",SE19 2AZ,51.41817,-0.072593
149,Custom House,3,E16 3BX,51.509622,0.025787
150,Cutty Sark for Maritime Greenwich,2,SE10 9SW,51.481944,-0.010567
151,Cyprus,3,E6 5PH,51.508527,0.063855
152,Dagenham Dock,5,RM9 6RA,51.526287,0.145045
153,Dagenham East,5,RM10 8AA,51.544187,0.165848
154,Dagenham Heathway,5,RM9 5AN,51.541212,0.147694
155,Dalston Junction,2,E8 3DL,51.546094,-0.07498
156,Dalston Kingsland,2,E8 2JS,51.548668,-0.076213
157,Dartford,,DA1 1BP,51.4474,0.218098
158,Debden,6,IG10 3TG,51.645492,0.083816
159,Denmark Hill,2,SE5 8BB,51.468201,-0.090973
160,Deptford,2,SE8 3NU,51.47889,-0.026182
161,Deptford Bridge,"2,3",SE10 8BU,51.474477,-0.022038
162,Devons Road,2,E3 3QX,51.522258,-0.017993
163,Dollis Hill,3,NW10 5NB,51.551851,-0.238783
164,Drayton Green,4,W13 0JX,51.516005,-0.329597
165,Drayton Park,2,N5 1NT,51.553078,-0.105756
166,Dundonald Road,"3,4,5,6",SW19 3QJ,51.417398,-0.207513
167,Ealing Broadway,3,W5 2NU,51.514862,-0.301996
168,Ealing Common,3,W5 3LD,51.510249,-0.287137
169,Earls Court,"1,2",SW5 9QA,51.491357,-0.194299
170,Earlsfield,3,SW18 4SW,51.442239,-0.187258
171,East Acton,2,W12 0BP,51.516263,-0.248098
172,East Croydon,5,CR0 1LF,51.375716,-0.091849
173,East Dulwich,2,SE22 8EF,51.461626,-0.080422
174,East Finchley,3,N2 0NW,51.587333,-0.164729
175,East Ham,"3,4",E6 2JA,51.539246,0.051531
176,East India,"2,3",E14 9PS,51.508684,-0.002356
177,East Putney,"2,3",SW15 6SN,51.45888,-0.210984
178,Eastcote,5,HA5 1QZ,51.576552,-0.396809
179,Eden Park,5,BR3 3HQ,51.390796,-0.026655
180,Edgware,5,HA8 7AW,51.61423,-0.275079
181,Edgware Road (Bakerloo),1,W2 1DY,51.520645,-0.170525
182,Edgware Road (Circle/District/Hammersmith and City),1,NW1 5DH,51.519998,-0.167654
183,Edmonton Green,4,N9 9DX,51.625116,-0.061625
184,Elephant and Castle,"1,2",SE1 6LW,51.495849,-0.100724
185,Elm Park,6,RM12 4RW,51.549125,0.197267
186,Elmers End,4,BR3 4EJ,51.398291,-0.049449
187,Elmstead Woods,4,BR7 5EW,51.417081,0.044244
188,Elstree and Borehamwood,6,WD6 3LS,51.652876,-0.279814
189,Eltham,4,SE9 6UB,51.455662,0.052344
190,Elverson Road,"2,3",SE8 4LA,51.468372,-0.016802
191,Embankment,1,WC2N 6NS,51.507313,-0.122353
192,Emerson Park,6,RM11 2JR,51.569115,0.220237
193,Enfield Chase,5,EN2 7AA,51.652722,-0.09069
194,Enfield Lock,6,EN3 6BW,51.670846,-0.028377
195,Enfield Town,5,EN1 1YB,51.65197,-0.079315
196,Epping,6,CM16 4HW,51.693686,0.11384
197,Epsom Downs,6,KT17 4JX,51.323659,-0.238956
198,Erith,6,DA8 1TY,51.481648,0.174276
199,Essex Road,2,N1 2SU,51.540633,-0.096351
200,Euston,1,NW1 2DU,51.528664,-0.133282
201,Euston Square,1,NW1 2BN,51.528664,-0.133282
202,Ewell East,6,KT17 1QR,51.345244,-0.241489
203,Ewell West,6,KT17 1TU,51.349991,-0.257075
204,Fairlop,4,IG6 3HD,51.59611,0.090608
205,Falconwood,4,SE9 2RN,51.459086,0.078524
206,Farringdon,1,EC1M 6BY,51.520196,-0.104829
207,Feltham,6,TW13 4BY,51.447879,-0.40981
208,Fenchurch Street,1,EC3M 4AJ,51.511567,-0.07854
209,Fieldway,"3,4,5,6",CR0 0QA,51.351317,-0.024489
210,Finchley Central,4,N3 2RY,51.600903,-0.193206
211,Finchley Road,2,NW6 3BS,51.547096,-0.180036
212,Finchley Road and Frognal,2,NW3 5HT,51.55012,-0.183637
213,Finsbury Park,2,N4 3JU,51.564635,-0.105867
214,Forest Gate,3,E7 0QH,51.549316,0.024204
215,Forest Hill,3,SE23 3HD,51.439308,-0.053314
216,Fulham Broadway,2,SW6 1BY,51.480261,-0.19553
217,Fulwell,6,TW2 5NY,51.433943,-0.349424
218,Gallions Reach,3,E6 6FZ,51.509034,0.07179
219,Gants Hill,4,IG2 6UD,51.576553,0.066099
220,George Street,"3,4,5,6",CRO 1LA,51.373966,-0.098704
221,Gidea Park,6,RM2 6BX,51.581866,0.205991
222,Gipsy Hill,3,SE19 1PL,51.42447,-0.083821
223,Gloucester Road,1,SW7 4SF,51.4945,-0.183529
224,Golders Green,3,NW11 7RN,51.572216,-0.19482
225,Goldhawk Road,2,W12 8EG,51.502077,-0.22739
226,Goodge Street,1,W1T 2HF,51.520613,-0.134793
227,Goodmayes,4,IG3 9UH,51.566181,0.111744
228,Gordon Hill,5,EN2 0QU,51.663502,-0.094459
229,Gospel Oak,2,NW5 1LT,51.555405,-0.151287
230,Grange Hill,4,IG7 5QB,51.61348,0.092287
231,Grange Park,5,N21 1RE,51.642623,-0.0973
232,Gravel Hill,"3,4,5,6",CR0 5BJ,51.354543,-0.043107
233,Great Portland Street,1,W1W 5PP,51.523789,-0.143947
234,Green Park,1,W1J 7BX,51.506761,-0.142463
235,Greenford,4,UB6 8PR,51.54198,-0.345864
236,Greenwich,"2,3",SE10 8JQ,51.477548,-0.014849
237,Grove Park,4,SE12 0PW,51.430433,0.022613
238,Gunnersbury,3,W4 5RP,51.491863,-0.27515
239,Hackbridge,4,SM6 7BJ,51.377861,-0.153865
240,Hackney Central,2,E8 1LL,51.547257,-0.055575
241,Hackney Downs,2,E8 1LA,51.549078,-0.060171
242,Hackney Wick,2,E9 5ER,51.543558,-0.025245
243,Hadley Wood,6,EN4 0EJ,51.668403,-0.176567
244,Haggerston,2,E8 4DY,51.538685,-0.075581
245,Hainault,4,IG6 3BD,51.602845,0.094123
246,Hammersmith (District),2,W6 9YA,51.49182,-0.222847
247,Hammersmith (Met.),2,W6 0ED,51.493483,-0.224626
248,Hampstead,2,NW3 1QG,51.556543,-0.178
249,Hampstead Heath,3,NW3 2QD,51.5552,-0.164552
250,Hampton,6,TW12 2HU,51.41588,-0.372121
251,Hampton Court,6,KT8 9AE,51.402294,-0.342743
252,Hampton Wick,6,KT1 4DQ,51.41464,-0.313089
253,Hanger Lane,3,W5 1DL,51.530072,-0.292982
254,Hanwell,4,W7 3EB,51.512186,-0.338037
255,Harlesden,3,NW10 8UT,51.536258,-0.257481
256,Harold Wood,6,RM3 0BL,51.593202,0.234219
257,Harringay,3,N4 1RW,51.577358,-0.105194
258,Harringay Green Lanes,3,N4 2NU,51.577146,-0.098203
259,Harrington Road,"3,4,5,6",SE25 4NF,51.399791,-0.060686
260,Harrow and Wealdstone,5,HA3 7RF,51.592595,-0.334238
261,Harrow-on-the-Hill,5,HA1 1BB,51.579388,-0.336987
262,Hatch End,6,HA5 5LZ,51.609829,-0.369164
263,Hatton Cross,"5,6",TW6 3PF,51.466685,-0.423366
264,Haydons Road,3,SW19 8SL,51.425457,-0.188915
265,Hayes,5,BR2 7EN,51.375737,0.010157
266,Hayes and Harlington,5,UB3 4BX,51.503049,-0.420627
267,Headstone Lane,5,HA2 6NB,51.6025,-0.356893
268,Heathrow Terminal 4,6,TW6 3AA,51.45978,-0.447715
269,Heathrow Terminal 5,6,TW6 2GA,51.470025,-0.490633
270,Heathrow Terminals 1 2 3,6,TW6 1EB,51.471289,-0.452393
271,Hendon,"3,4",NW4 4PT,51.580075,-0.238616
272,Hendon Central,"3,4",NW4 3AS,51.583133,-0.22672
273,Herne Hill,"2,3",SE24 0JW,51.453991,-0.102549
274,Heron Quays,2,E14 4JH,51.503387,-0.021939
275,High Barnet,5,EN5 5RP,51.651688,-0.194151
276,High Street Kensington,1,W8 5SA,51.500729,-0.191552
277,Highams Park,4,E4 9LA,51.608356,-0.000121
278,Highbury and Islington,2,N1 1SE,51.546496,-0.104068
279,Highgate,3,N6 5BH,51.577647,-0.14692
280,Hillingdon,6,UB10 9NR,51.553778,-0.449884
281,Hither Green,3,SE13 5NF,51.452402,-0.000957
282,Holborn,1,WC2B 6AA,51.517236,-0.119826
283,Holland Park,2,W11 3RB,51.507147,-0.206543
284,Holloway Road,2,N7 8HS,51.552816,-0.112921
285,Homerton,2,E9 5SD,51.546595,-0.038498
286,Honor Oak Park,3,SE23 3LE,51.450648,-0.044139
287,Hornchurch,6,RM12 6LS,51.554355,0.218941
288,Hornsey,3,N8 8SE,51.586475,-0.111801
289,Hounslow,5,TW3 3DL,51.462505,-0.361782
290,Hounslow Central,4,TW3 1JG,51.470926,-0.365944
291,Hounslow East,4,TW3 4AB,51.473708,-0.355261
292,Hounslow West,5,TW3 3DH,51.473106,-0.385693
293,Hoxton,"1,2",E2 8HR,51.531392,-0.075571
294,Hyde Park Corner,1,SW1X 7LY,51.502584,-0.15246
295,Ickenham,6,UB10 8PD,51.560825,-0.441565
296,Ilford,4,IG1 4DU,51.559142,0.0687
297,Imperial Wharf,2,SW6 2HA,51.474939,-0.182823
298,Island Gardens,2,E14 3FA,51.48795,-0.010479
299,Isleworth,4,TW7 4BX,51.475037,-0.337314
300,Kenley,6,CR8 5JA,51.3246,-0.101205
301,Kennington,2,SE11 4JQ,51.488662,-0.105056
302,Kensal Green,2,NW10 5JT,51.530524,-0.224699
303,Kensal Rise,2,NW10 3NT,51.534215,-0.220807
304,Kensington (Olympia),2,W14 0NE,51.49788,-0.210365
305,Kent House,4,BR3 1HY,51.412718,-0.045801
306,Kentish Town,2,NW5 2AA,51.55001,-0.140457
307,Kentish Town West,2,NW5 3LD,51.546548,-0.146742
308,Kenton,4,HA3 0XS,51.581496,-0.315202
309,Kew Bridge,3,TW8 0EF,51.490005,-0.288832
310,Kew Gardens,"3,4",TW9 3PZ,51.476789,-0.285367
311,Kidbrooke,3,SE3 9NF,51.46269,0.028315
312,Kilburn,2,NW6 7QL,51.546944,-0.204618
313,Kilburn High Road,2,NW6 7QL,51.537268,-0.191099
314,Kilburn Park,2,NW6 5AD,51.535136,-0.193952
315,King George V,3,E16 2JF,51.502009,0.062221
316,King Henry's Drive,"3,4,5,6",CR0 0LH,51.345364,-0.02025
317,King's Cross,1,N1 9AL,51.530798,-0.122742
318,Kings Cross St. Pancras,1,NW1 2BA,51.530312,-0.123858
319,Kingsbury,4,NW9 9EG,51.584877,-0.278587
320,Kingston,6,KT1 1UJ,51.412642,-0.301127
321,Kingswood,6,KT20 6EN,51.294723,-0.211219
322,Knightsbridge,1,SW3 1ED,51.501355,-0.16065
323,Knockholt,6,TN14 7HR,51.345752,0.130845
324,Ladbroke Grove,2,W10 6HJ,51.517211,-0.210184
325,Ladywell,3,SE13 7XB,51.456192,-0.01923
326,Lambeth North,1,SE1 7XG,51.49913,-0.111754
327,Lancaster Gate,1,W2 4QH,51.511891,-0.175416
328,Langdon Park,2,E14 6NW,51.518884,-0.015199
329,Latimer Road,2,W10 6SZ,51.513958,-0.217445
330,Lebanon Road,"3,4,5,6",CR0 6SF,51.375199,-0.084959
331,Lee,3,SE12 9JG,51.449459,0.013379
332,Leicester Square,1,WC2H 0AP,51.511291,-0.128228
333,Lewisham,"2,3",SE13 7RY,51.464881,-0.012418
334,Leyton,3,E10 5PS,51.558132,-0.006451
335,Leyton Midland Road,3,E10 6JT,51.569364,-0.008052
336,Leytonstone,"3,4",E11 1HE,51.568522,0.009155
337,Leytonstone High Road,3,E11 4RE,51.563807,0.008269
338,Limehouse,2,E14 7JD,51.512312,-0.039366
339,Liverpool Street,1,EC2M 7PR,51.517598,-0.082235
340,Lloyd Park,"3,4,5,6",CR0 5RA,51.364276,-0.080732
341,London Bridge,1,SE1 2SW,51.504674,-0.085991
342,London City Airport,3,E16 2DS,51.50369,0.047887
343,London Fields,2,E8 3PH,51.540719,-0.057685
344,Loughborough Junction,2,SW9 8SA,51.466679,-0.102483
345,Loughton,6,IG10 4PD,51.64157,0.055294
346,Lower Sydenham,4,SE26 5AU,51.424847,-0.033316
347,Maida Vale,2,W9 1JS,51.529995,-0.185418
348,Malden Manor,4,KT3 5PN,51.38461,-0.261106
349,Manor House,"2,3",N4 1BZ,51.570747,-0.095671
350,Manor Park,"3,4",E12 5EP,51.552854,0.045738
351,Mansion House,1,EC4N 6JD,51.512092,-0.094183
352,Marble Arch,1,W1C 2JS,51.513966,-0.158557
353,Maryland,3,E15 1SA,51.545668,0.005696
354,Marylebone,1,NW1 6JJ,51.522397,-0.163478
355,Maze Hill,3,SE10 9XG,51.483014,0.003219
356,Merton Park,"3,4,5,6",SW19 3HA,51.413392,-0.201328
357,Mile End,2,E3 4DH,51.525311,-0.032652
358,Mill Hill Broadway,4,NW7 2JU,51.612871,-0.249523
359,Mill Hill East,4,NW7 1BS,51.608317,-0.209881
360,Mitcham,"3,4,5,6",CR4 4BD,51.397489,-0.170857
361,Mitcham Eastfields,3,CR4 2ND,51.408384,-0.153987
362,Mitcham Junction,4,CR4 4HN,51.393043,-0.157422
363,Monument,1,EC4R 9AA,51.51063,-0.086174
364,Moor Park,"6,7",HA6 2JQ,51.629931,-0.432899
365,Moorgate,1,EC2M 6TX,51.518437,-0.089003
366,Morden,4,SM4 5AZ,51.402186,-0.194838
367,Morden Road,"3,4,5,6",SW19 3BX,51.408872,-0.192791
368,Morden South,4,SM4 5AN,51.396308,-0.200287
369,Mornington Crescent,2,NW1 2JA,51.534362,-0.13873
370,Mortlake,3,SW14 8LN,51.468168,-0.267189
371,Motspur Park,4,KT3 6JJ,51.39532,-0.239425
372,Mottingham,4,SE9 4EN,51.439825,0.050339
373,Mudchute,2,E14 9UW,51.491236,-0.014946
374,Neasden,3,NW10 1PH,51.554628,-0.250101
375,New Addington,"3,4,5,6",CR0 0DE,51.342591,-0.017369
376,New Barnet,5,EN5 1QT,51.648537,-0.172955
377,New Beckenham,4,BR3 1QW,51.416706,-0.035291
378,New Cross,2,SE14 6LD,51.476429,-0.032264
379,New Cross Gate,2,SE14 6AR,51.475265,-0.039515
380,New Eltham,4,SE9 2AB,51.437691,0.070459
381,New Malden,4,KT3 4PX,51.403556,-0.256204
382,New Southgate,4,N11 1QH,51.614094,-0.142995
383,Newbury Park,4,IG2 7RN,51.575638,0.090318
384,Norbiton,5,KT2 7AZ,51.411909,-0.284186
385,Norbury,3,SW16 3RW,51.411189,-0.122785
386,North Acton,"2,3",W3 6UP,51.523432,-0.259715
387,North Dulwich,"2,3",SE21 7BX,51.454482,-0.087904
388,North Ealing,3,W5 3AF,51.517622,-0.288979
389,North Greenwich,"2,3",SE10 0PH,51.500255,0.003601
390,North Harrow,5,HA2 7SR,51.584631,-0.362619
391,North Sheen,3,TW9 4QA,51.46542,-0.286383
392,North Wembley,4,HA0 3NT,51.562396,-0.303934
393,Northfields,3,W13 9QU,51.500492,-0.31505
394,Northolt,5,UB5 4AA,51.548213,-0.368426
395,Northolt Park,5,UB5 4XE,51.557619,-0.35942
396,Northwick Park,4,HA3 0AT,51.578509,-0.318185
397,Northwood,6,HA6 2XL,51.611214,-0.423823
398,Northwood Hills,6,HA6 1NZ,51.600803,-0.409297
399,Norwood Junction,4,SE25 5AG,51.396954,-0.075195
400,Notting Hill Gate,"1,2",W11 3HT,51.509375,-0.195907
401,Nunhead,2,SE15 3XE,51.46658,-0.053665
402,Oakleigh Park,4,EN5 1BU,51.637676,-0.166181
403,Oakwood,5,N14 4UT,51.647638,-0.131839
404,Ockendon,7,RM15 6PD,51.52199,0.290498
405,Old Street,1,EC1V 9NR,51.525581,-0.087609
406,Orpington,6,BR6 0SX,51.37352,0.089043
407,Osterley,4,TW7 4PU,51.481217,-0.352082
408,Oval,2,SE11 4PP,51.481413,-0.113307
409,Oxford Circus,1,W1C 2JS,51.515223,-0.140822
410,Paddington,1,W2 1RH,51.515394,-0.175722
411,Palmers Green,4,N13 4PN,51.618787,-0.110258
412,Park Royal,3,W5 3EL,51.526834,-0.284915
413,Parsons Green,2,SW6 4HU,51.47496,-0.20111
414,Peckham Rye,2,SE15 5DQ,51.469511,-0.069969
415,Penge East,4,SE20 7BQ,51.419975,-0.054481
416,Penge West,4,SE20 8NU,51.418063,-0.060631
417,Perivale,4,UB6 7NP,51.536342,-0.323056
418,Petts Wood,5,BR5 1LZ,51.388599,0.074494
419,Phipps Bridge,"3,4,5,6",CR4 3QN,51.403377,-0.182282
420,Piccadilly Circus,1,W1J 9HS,51.509697,-0.133697
421,Pimlico,1,SW1V 2JA,51.489553,-0.133094
422,Pinner,5,HA5 5LZ,51.592362,-0.381209
423,Plaistow,3,E13 0DY,51.531288,0.017795
424,Plumstead,4,SE18 7EA,51.489792,0.084314
425,Ponders End,5,EN3 4LA,51.642731,-0.034511
426,Pontoon Dock,3,E16 2SB,51.502216,0.03334
427,Poplar,2,E14 0DS,51.507588,-0.017261
428,Preston Road,4,HA3 0PS,51.572104,-0.294958
429,Prince Regent,3,E16 3HE,51.509435,0.033503
430,Pudding Mill Lane,"2,3",E15 2PH,51.534328,-0.012754
431,Purfleet,7,RM16 1PL,51.481173,0.236789
432,Purley,6,CR8 2AP,51.337364,-0.113599
433,Purley Oaks,6,CR2 0ND,51.346989,-0.098801
434,Putney,"2,3",SW15 1RT,51.460953,-0.216589
435,Putney Bridge,2,SW6 3UH,51.467865,-0.209351
436,Queens Park,2,NW6 6HJ,51.534313,-0.204784
437,Queens Road Peckham,2,SE15 2JR,51.474285,-0.057341
438,Queensbury,4,HA8 5NP,51.593883,-0.286317
439,Queenstown Road,2,SW8 3RX,51.474959,-0.147341
440,Queensway,1,W2 4SS,51.510449,-0.187405
441,Radlett,,WD7 7AP,51.685413,-0.317973
442,Rainham,6,RM13 9YH,51.51734,0.190706
443,Ravensbourne,4,BR3 5HE,51.41387,-0.006923
444,Ravenscourt Park,2,W6 0UG,51.494068,-0.235955
445,Rayners Lane,5,HA5 5EG,51.575397,-0.371046
446,Raynes Park,4,SW20 8NE,51.409375,-0.229899
447,Rectory Road,2,N16 7QB,51.558763,-0.068371
448,Redbridge,4,IG4 5BG,51.576367,0.045408
449,Reedham,6,CR8 2DG,51.331442,-0.123388
450,Reeves Corner,"3,4,5,6",CR0 1XP,51.375277,-0.106365
451,Regents Park,1,NW1 5HA,51.523811,-0.14533
452,Richmond,4,TW9 2AZ,51.463233,-0.301725
453,Rickmansworth,7,WD3 1QY,51.640323,-0.47367
454,Riddlesdown,6,CR8 1HN,51.332675,-0.099479
455,Roding Valley,4,IG9 6LN,51.616956,0.044041
456,Romford,6,RM1 1SX,51.574642,0.18307
457,Rotherhithe,2,SE16 4LF,51.501595,-0.052952
458,Royal Albert,3,E16 2QD,51.508494,0.045192
459,Royal Oak,2,W2 6ET,51.518294,-0.188809
460,Royal Victoria,3,E16 1DE,51.509055,0.01798
461,Ruislip,6,HA4 8LD,51.572162,-0.42122
462,Ruislip Gardens,5,HA4 6LG,51.55996,-0.40928
463,Ruislip Manor,6,HA4 9AA,51.573452,-0.412835
464,Russell Square,1,WC1N 1LG,51.523013,-0.124576
465,Sanderstead,6,CR2 0PL,51.348246,-0.093694
466,Sandilands,"3,4,5,6",CR0 5PN,51.375022,-0.078012
467,Selhurst,4,SE25 6LL,51.392186,-0.089885
468,Seven Kings,4,IG3 8RE,51.563993,0.096334
469,Seven Sisters,3,N15 5LA,51.583362,-0.072452
470,Shadwell,2,E1 2QE,51.5113,-0.056905
471,Shenfield,7,CM15 8JD,51.630873,0.329967
472,Shepherds Bush,2,W12 8LH,51.504532,-0.218505
473,Shepherds Bush Market,2,W12 7JD,51.505881,-0.227386
474,Shoreditch High Street,1,E1 6AW,51.523467,-0.077073
475,Shortlands,4,BR2 0JA,51.405602,0.002782
476,Sidcup,5,DA15 7AW,51.434398,0.10333
477,Silver Street,4,N18 1QX,51.615242,-0.072575
478,Slade Green,6,DA8 2NX,51.467748,0.190533
479,Sloane Square,1,SW1W 8BB,51.49236,-0.156474
480,Smitham,6,CR5 2JA,51.322453,-0.134333
481,Snaresbrook,4,E11 1QE,51.580891,0.021478
482,South Acton,3,W3 0DS,51.499686,-0.270201
483,South Bermondsey,2,SE16 2PL,51.487677,-0.05474
484,South Croydon,5,CR2 7PA,51.36275,-0.092503
485,South Ealing,3,W5 4QB,51.501644,-0.307026
486,South Hampstead,2,NW8 0DJ,51.541477,-0.178357
487,South Harrow,5,HA2 8HN,51.56468,-0.35188
488,South Kensington,1,SW7 2NB,51.494071,-0.173909
489,South Kenton,4,HA9 8QT,51.571044,-0.308129
490,South Merton,4,SW20 9JT,51.403241,-0.205536
491,South Quay,2,E14 9SH,51.500864,-0.018446
492,South Ruislip,5,HA4 6TP,51.55689,-0.399101
493,South Tottenham,3,N15 6ND,51.580403,-0.071842
494,South Wimbledon,"3,4",SW19 1DE,51.415361,-0.19196
495,South Woodford,4,E18 1JJ,51.591553,0.027958
496,Southall,4,UB2 4AA,51.505957,-0.378697
497,Southbury,5,EN3 4HW,51.648434,-0.052969
498,Southfields,3,SW18 5RJ,51.444883,-0.206595
499,Southgate,4,N14 5BH,51.632376,-0.127756
500,Southwark,1,SE1 8NW,51.503854,-0.105781
501,St Helier,4,SM4 6SF,51.389912,-0.199
502,St James Street,3,E17 7PJ,51.580609,-0.03279
503,St Johns,2,SE8 4EW,51.468975,-0.023226
504,St Margarets,4,TW1 2LH,51.455206,-0.32131
505,St Mary Cray,6,BR5 3SN,51.394759,0.107232
506,St Pancras,1,NW1 2QP,51.530554,-0.125491
507,St. James's Park,1,SW1H 0BD,51.49961,-0.133864
508,St. Johns Wood,2,NW8 6DN,51.534854,-0.17405
509,St. Pauls,1,EC2V 6AA,51.514835,-0.097557
510,Stamford Brook,2,W6 0SB,51.49445,-0.245232
511,Stamford Hill,3,N16 5AG,51.574448,-0.076654
512,Stanmore,5,HA7 4PD,51.619673,-0.303085
513,Star Lane,3,E16 4SR,51.520604,0.004205
514,Stepney Green,2,E1 4AQ,51.521996,-0.047368
515,Stockwell,2,SW9 9AE,51.472159,-0.122832
516,Stoke Newington,2,N16 6YA,51.564638,-0.072321
517,Stonebridge Park,3,NW10 0RW,51.543987,-0.275386
518,Stoneleigh,5,KT17 2JA,51.363364,-0.248695
519,Stratford,3,E15 1AZ,51.541693,-0.003737
520,Stratford High Street,3,E15 3PA,51.538149,-0.001066
521,Stratford International,3,E15 2LZ,51.544809,-0.008764
522,Strawberry Hill,5,TW1 4PP,51.439748,-0.339603
523,Streatham,3,SW16 6HP,51.425846,-0.132311
524,Streatham Common,3,SW16 5NT,51.418985,-0.135712
525,Streatham Hill,3,SW2 4PA,51.43846,-0.127667
526,Sudbury and Harrow Road,4,HA0 2HA,51.554494,-0.315912
527,Sudbury Hill,4,HA1 3RA,51.55734,-0.336378
528,Sudbury Hill Harrow,4,HA1 3RJ,51.558342,-0.335432
529,Sudbury Town,4,HA0 2LA,51.551397,-0.316329
530,Sundridge Park,4,BR1 3TR,51.413394,0.020379
531,Surbiton,6,KT6 4PE,51.3926,-0.30437
532,Surrey Quays,2,SE16 2UE,51.493267,-0.047516
533,Sutton,5,SM1 1JA,51.359506,-0.191288
534,Sutton Common,4,SM1 3HY,51.375555,-0.196906
535,Swiss Cottage,2,NW3 6HY,51.543035,-0.175612
536,Sydenham,3,SE26 5EU,51.427341,-0.055074
537,Sydenham Hill,3,SE21 7HW,51.432576,-0.080216
538,Syon Lane,4,TW7 5NT,51.481475,-0.326481
539,Tadworth,6,KT20 5SP,51.291628,-0.235994
540,Tattenham Corner,6,KT18 5PR,51.309181,-0.242552
541,Teddington,6,TW11 9AA,51.424498,-0.332691
542,Temple,1,WC2R 2PH,51.511041,-0.113711
543,Thames Ditton,6,KT7 0PA,51.388616,-0.338278
544,Theobalds Grove,7,EN8 7BG,51.692373,-0.034734
545,Therapia Lane,"3,4,5,6",CR0 3DD,51.385686,-0.129003
546,Theydon Bois,6,CM16 7EU,51.672552,0.102905
547,Thornton Heath,4,CR7 8RX,51.398481,-0.100419
548,Tolworth,5,KT5 9NU,51.376843,-0.279606
549,Tooting,3,SW17 9JR,51.419897,-0.160988
550,Tooting Bec,3,SW17 9AH,51.435838,-0.159686
551,Tooting Broadway,3,SW17 0SU,51.427049,-0.16867
552,Tottenham Court Road,1,W1D 2DA,51.516211,-0.131096
553,Tottenham Hale,3,N17 9LR,51.587998,-0.060173
554,Totteridge and Whetstone,4,N20 9QP,51.630247,-0.17934
555,Tower Gateway,1,EC3N 1JL,51.510393,-0.074395
556,Tower Hill,1,EC3N 4DJ,51.510394,-0.076687
557,Tufnell Park,2,N19 5QB,51.556441,-0.137728
558,Tulse Hill,3,SE27 9BW,51.439797,-0.105108
559,Turkey Street,6,EN3 5TT,51.672654,-0.047215
560,Turnham Green,2,W4 1LR,51.495182,-0.25451
561,Turnpike Lane,3,N15 3NX,51.590358,-0.102791
562,Twickenham,5,TW1 1BD,51.450251,-0.328846
563,Upminster,6,RM14 2TD,51.558763,0.251415
564,Upminster Bridge,6,RM12 6PL,51.557719,0.234556
565,Upney,4,IG11 9LS,51.538406,0.101546
566,Upper Holloway,2,N19 4DJ,51.563623,-0.129095
567,Upper Warlingham,6,CR3 0EP,51.308772,-0.077467
568,Upton Park,3,E13 9AP,51.536628,0.034556
569,Uxbridge,6,UB8 1JZ,51.546455,-0.477087
570,Vauxhall,"1,2",SW8 1SR,51.485736,-0.123816
571,Victoria,1,SW1E 5JX,51.496424,-0.143906
572,Waddon,5,CR0 4NA,51.367379,-0.11738
573,Waddon Marsh,"3,4,5,6",CR0 4XT,51.377083,-0.117973
574,Wallington,5,SM6 0DZ,51.360332,-0.150849
575,Waltham Cross,7,EN8 7LU,51.685257,-0.02655
576,Walthamstow Central,3,E17 7LP,51.583018,-0.019926
577,Walthamstow Queens Road,3,E17 7QZ,51.581546,-0.02383
578,Wandle Park,"3,4,5,6",CR0 4JS,51.373401,-0.113239
579,Wandsworth Common,3,SW12 8NL,51.446366,-0.163523
580,Wandsworth Road,2,SW8 4PA,51.470223,-0.139023
581,Wandsworth Town,2,SW18 1SU,51.461034,-0.187896
582,Wanstead,4,E11 2NT,51.574902,0.028775
583,Wanstead Park,3,E7 0HU,51.551778,0.026404
584,Wapping,2,E1W 3PA,51.50434,-0.055846
585,Warren Street,1,NW1 3AA,51.52458,-0.138264
586,Warwick Avenue,2,W9 2PT,51.523104,-0.182939
587,Waterloo,1,SE1 7NY,51.503147,-0.113245
588,Watford,7,WD18 7LE,51.657605,-0.417256
589,Watford High Street,8,WD17 2EG,51.652654,-0.391682
590,Watford Junction,,WD17 1ET,51.663883,-0.396158
591,Wellesley Road,"3,4,5,6",CR0 2DD,51.375368,-0.097511
592,Welling,4,DA16 3AT,51.464777,0.101789
593,Wembley Central,4,HA9 6AG,51.551865,-0.296378
594,Wembley Park,4,HA9 9AA,51.563322,-0.279228
595,Wembley Stadium,4,HA9 8BQ,51.554655,-0.286032
596,West Acton,3,W3 6UP,51.51777,-0.280643
597,West Brompton,2,SW5 9JX,51.487329,-0.195524
598,West Croydon,5,CR0 2TA,51.378552,-0.10202
599,West Drayton,6,UB7 9DY,51.510071,-0.472162
600,West Dulwich,3,SE21 8HN,51.440912,-0.090658
601,West Ealing,3,W13 0NQ,51.513625,-0.319769
602,West Finchley,4,N3 1NT,51.609263,-0.188903
603,West Ham,3,E15 3BN,51.528526,0.005332
604,West Hampstead,2,NW6 2LX,51.547474,-0.191112
605,West Hampstead Thameslink,2,NW6 1XJ,51.548629,-0.192523
606,West Harrow,5,HA1 4HE,51.578924,-0.353832
607,West India Quay,2,E14 4ED,51.506763,-0.020568
608,West Kensington,2,W14 9NL,51.490109,-0.206189
609,West Norwood,3,SE27 0HS,51.431241,-0.103175
610,West Ruislip,6,HA4 7WD,51.569588,-0.437846
611,West Silvertown,3,E16 2AT,51.502884,0.02226
612,West Sutton,5,SM1 2EH,51.36615,-0.20463
613,West Wickham,5,BR4 0PY,51.381284,-0.014562
614,Westbourne Park,2,W11 1AB,51.520989,-0.200868
615,Westcombe Park,3,SE3 7EQ,51.484509,0.01776
616,Westferry,2,E14 8AD,51.509638,-0.026309
617,Westminster,1,SW1A 2JR,51.501402,-0.124988
618,White City,2,W12 7RH,51.512232,-0.224618
619,White Hart Lane,3,N17 7RP,51.605035,-0.070856
620,Whitechapel,2,E1 1BY,51.519588,-0.059406
621,Whitton,5,TW2 7LG,51.449588,-0.357668
622,Whyteleafe,6,CR3 0AD,51.309929,-0.081121
623,Whyteleafe South,6,CR3 0BD,51.30349,-0.076698
624,Willesden Green,"2,3",NW2 4QT,51.549373,-0.222393
625,Willesden Junction,3,NW10 4RA,51.532234,-0.243895
626,Wimbledon,3,SW19 1PS,51.421108,-0.206648
627,Wimbledon Chase,3,SW20 8DB,51.409531,-0.214075
628,Wimbledon Park,3,SW19 7DZ,51.434581,-0.199172
629,Winchmore Hill,4,N21 3NG,51.633887,-0.100902
630,Wood Green,3,N22 8HH,51.597454,-0.109512
631,Wood Lane,2,W12 7DS,51.509658,-0.224458
632,Wood Street,4,E17 3NZ,51.58667,-0.001939
633,Woodford,4,IG8 7QE,51.607202,0.034071
634,Woodgrange Park,"3,4",E7 8AA,51.549053,0.044587
635,Woodmansterne,6,CR5 3HS,51.319019,-0.154248
636,Woodside,"3,4,5,6",SE25 5DP,51.387098,-0.065333
637,Woodside Park,4,N12 8SE,51.617868,-0.185411
638,Woolwich Arsenal,4,SE18 6HX,51.489907,0.069208
639,Woolwich Dockyard,3,SE18 5JY,51.491108,0.054627
640,Worcester Park,4,KT4 7ND,51.381105,-0.245561